<?xml version="1.0" encoding="UTF-8"?>
<root>
  <item name="it.gmariotti.cardslib.library.cards.material.MaterialLargeImageCard MaterialLargeImageCard(android.content.Context, int) 1">
    <annotation name="android.support.annotation.LayoutRes" />
  </item>
  <item name="it.gmariotti.cardslib.library.cards.material.MaterialLargeImageCard mDrawableIdCardThumbnail">
    <annotation name="android.support.annotation.DrawableRes" />
  </item>
  <item name="it.gmariotti.cardslib.library.cards.material.MaterialLargeImageCard mTextOverImageResId">
    <annotation name="android.support.annotation.StringRes" />
  </item>
  <item name="it.gmariotti.cardslib.library.cards.material.MaterialLargeImageCard.SetupWizard it.gmariotti.cardslib.library.cards.material.MaterialLargeImageCard.SetupWizard setupSupplementalActions(int, java.util.ArrayList&lt;it.gmariotti.cardslib.library.cards.actions.BaseSupplementalAction&gt;) 0">
    <annotation name="android.support.annotation.LayoutRes" />
  </item>
  <item name="it.gmariotti.cardslib.library.cards.material.MaterialLargeImageCard.SetupWizard it.gmariotti.cardslib.library.cards.material.MaterialLargeImageCard.SetupWizard useDrawableId(int) 0">
    <annotation name="android.support.annotation.DrawableRes" />
  </item>
  <item name="it.gmariotti.cardslib.library.cards.material.MaterialLargeImageCard.SetupWizard mDrawableCardThumbnail">
    <annotation name="android.support.annotation.DrawableRes" />
  </item>
  <item name="it.gmariotti.cardslib.library.cards.material.MaterialLargeImageCard.SetupWizard mTextOverImageResId">
    <annotation name="android.support.annotation.StringRes" />
  </item>
  <item name="it.gmariotti.cardslib.library.cards.material.MaterialLargeImageCardThumbnail default_text_id">
    <annotation name="android.support.annotation.IdRes" />
  </item>
  <item name="it.gmariotti.cardslib.library.cards.material.MaterialLargeImageCardThumbnail mTextOverImageResId">
    <annotation name="android.support.annotation.StringRes" />
  </item>
  <item name="it.gmariotti.cardslib.library.cards.material.MaterialLargeImageCardThumbnail void setTextViewId(int) 0">
    <annotation name="android.support.annotation.IdRes" />
  </item>
</root>

